id,name,city,state,google_place_id,review_count
a0368687-8610-4f41-8134-c5b1688dfd87,"Marc-1 Car Wash",Northport,AL,ChIJte5tS60chogR1IyuwJYRHKY,683
1a43703a-6e19-4a22-aece-a1d36712fdda,"Wise Choice Brushless Carwash",Sheridan,AR,ChIJJ_e24OBZLYYRqH-68DHb_k8,3
82830183-e396-4f7b-9548-155ff6f8f2da,"McBee's Coffee & Carwash",North Little Rock,AR,ChIJGeN112u_0ocRfUIPHPupI-4,484
2ad2d648-2d8c-4776-959d-427a7c8fe20f,"Lonoke Splash Carwash",Lonoke,AR,ChIJNRwrqZre0ocR-FPOoJRJ8jQ,90
abe4b217-5b57-4400-9597-9eead96dd4ee,"Magic Touch Car Wash",Springdale,AR,ChIJJ8YNgJJtyYcRqEcWJ4-s5sU,51
ddb6dba5-9bcf-45bd-b4ac-fda6110a6ab2,"Champs Super Wash",Little Rock,AR,ChIJp1LcmNOg0ocRzggdyyLAats,68
540f5281-951b-4c47-8d48-0c5827c42d03,"Diamond Wash Car Wash",Bentonville,AR,ChIJQ3dCvgoPyYcRQkxJadbn9r4,172
8c60490b-4bf4-4416-9766-f98c6857c2fa,"Glide Xpress Car Wash",Little Rock,AR,ChIJ6R8RNh6h0ocRaEoFRd7rtxQ,997
a9735929-279c-4c00-be23-05e2507ebc68,"Cobblestone Auto Spa",Litchfield Park,AZ,ChIJkT1Dkw5HK4cRsgRgSbaDoUA,306
6ee58059-0156-4313-9d98-8a96b5e1fe8d,"Weiss Guys Express Wash and Self Serve Car and Dog Wash",Glendale,AZ,ChIJzTfQts1rK4cRJZnxm2cgVgk,294
b751358e-b73f-4a8b-89cc-0b5bdc6cb736,"Green Valley Car Wash",Green Valley,AZ,ChIJXUn_JgyE1oYRLW0BV9FP3jo,350
9f9c3280-61f5-4200-a275-24d8b64b4746,"Clean Freak Car Wash",Chandler,AZ,ChIJO5goGq8GK4cRh0Zk5cT_orw,145
a1e8fe6f-0e57-4892-8ff0-99b99c929663,"Super Shine Car Wash",Phoenix,AZ,ChIJVU3_nq8VK4cRXyHlevxk1wY,119
98b2a878-f974-4edb-b66e-54da6df95286,"Cactus Car Wash Innovations",Mesa,AZ,ChIJuY7RERKnK4cR_xW2nXZG-DI,5
342a8862-1dbb-41e4-a2d5-b6713ea043e2,"Clean Freak Car Wash",Casa Grande,AZ,ChIJo2YAReNnKocRB_J-KTbjllw,343
b7f23ad0-d21c-4cba-8a5c-b32c0986b4bb,"Oasis Car Wash",Mesa,AZ,ChIJS2o2OoinK4cR4RWiTg8UCnc,442
65fe8892-5a5e-44dc-8eae-76af32125b6b,"Oasis Car Wash",Mesa,AZ,ChIJh4EyXLqnK4cRQwaJW24AUrs,77
38c9cdd8-69da-4f6d-9112-95b588cc9015,"Soft Touch Or Touchless car Wash",Chula Vista,CA,ChIJFa794fNN2YARPfLRP_yqp9I,4
e996d697-9833-4433-a0df-a1607b826d75,"Squeekys Car Wash 4",Bakersfield,CA,ChIJ94u1DpRr6oARJLZWhGUQUak,10
a01855cb-bcc2-40ca-8c46-b26b4c7de597,"LUV Car Wash - Thousand Oaks Blvd",Thousand Oaks,CA,ChIJDyDuJyMl6IARMIZwGn3jm3Q,937
d2d748fd-f3ef-4018-868b-0eb81cfbe8c9,"Red's Car Wash",Folsom,CA,ChIJ9yBG2VDhmoARvCH8GAPfe7M,83
e502d1ce-802d-497b-8208-d69a8382a1f0,"Fiesta Xpress Car Wash",Chula Vista,CA,ChIJh99hrj5O2YARmXTd4k012y4,52
9af98423-c566-4aac-ac79-352b7c8287da,"Bubba's Express Car Wash",Citrus Heights,CA,ChIJi9GABkzemoARk2Gxj26q5Jg,492
a616dffa-1ce9-4dc2-a4cb-c88bc92ffa26,"Touch Free Wash",Sacramento,CA,ChIJt2lr0CramoARD2qyhuSr9Wk,6
ed71d914-bb18-48df-bff9-223e8647a953,"Spot Free Car Wash",Long Beach,CA,ChIJG8ZM5tMx3YARxJ_I90GOxVE,16
9bdefe1a-9be0-4d63-a971-5eb3a757d3c5,"Sunnyvale Carwash & Gas",Sunnyvale,CA,ChIJ505pEue1j4ARaTqOrOTpRzU,341
5ac606fb-9da3-48ad-a4b4-42c6aeac74e1,"Kaady Car Wash",Albany,CA,ChIJHa98jiR5hYARKC4GmUTvmRg,844
5513131d-0990-4023-900a-bb04ed9ecec4,"Vermont Express Auto Spa",Los Angeles,CA,ChIJbwONzdzHwoARcSqKs9uibqk,607
5bce6745-f2e4-433e-bc7e-d75acaa1bb2f,"Fast5Xpress Car Wash Pico Rivera",Pico Rivera,CA,ChIJOQGwQZXRwoAR0ZWGiRkpBPo,984
6bee64bd-cc5c-48fa-bd07-12de3b4921b2,"Zip Thru Express Car Wash - Free Wash - ask Attendant",Morgan Hill,CA,ChIJh7uRfQAhjoARapFaKVzcXaw,308
84e6c23a-6989-49ad-b173-6998a8b85fe4,"Waterdrops Express Car Wash",Camarillo,CA,ChIJzXI1g8hJ6IARVgnT0ck8F_0,404
f984c244-fae0-4f21-91f5-febe824febc7,"Shell",West Sacramento,CA,ChIJ02VMsTzUmoARANlDVIl0jqU,55
0559df74-711e-4673-a74f-a6b8fd2ae861,"Deer Lick Car Wash",Running Springs,CA,ChIJK29IuMGrxIARg0xvQyi_xTQ,112
89cf7d5e-d405-4725-bd88-9b42a2064cef,"Oceanside Buggy Bath & Mini Mart",Oceanside,CA,ChIJ-eA7m8dx3IARPKxdy6QbJJs,71
9875f126-5f03-45d7-9a62-41310dc09f18,"Spot Free Car Wash",Covina,CA,ChIJy23fhxgow4ARpE7Yttbdv0Q,548
9b1165c1-22cb-4653-8fe0-01b97bbf3e1c,"Car Wash",Ridgecrest,CA,ChIJWfTiiiITwYARZIBXgsl9SdY,162
68455202-ac3b-42de-aa5c-91c5da66681d,"Cupertino Car Wash",Cupertino,CA,ChIJe7tCY661j4ARfC1rANaSORo,249
7b14a226-6d0d-4ea6-a29c-f793d5aba379,"Greyhound Carwash",Atascadero,CA,ChIJJZncDZTC7IARoJ5tNE1IYls,91
44bd8349-0103-4a37-bb44-2a656bf5fcd6,"Smiley's Car Wash",Olivehurst,CA,ChIJHeeVVtxNm4ARrMjZ4ZRB6xE,176
c0c9291d-c5c8-4bac-b4bb-1ea0bf05e6d1,"Rohnert Park Car Wash",Rohnert Park,CA,ChIJk3mBDwVKhIAR1xOboc5CwOw,285
b9a8e074-6e80-42bd-8ab2-7311a730bdb8,"North Hollywood Car Wash",Los Angeles,CA,ChIJAf2pPuyWwoAR2-Fr4T6wcVE,405
1bb9679b-a3a3-4257-bffa-1da2515a9a7c,"Gateway Express Car Wash",Long Beach,CA,ChIJx1L_uokx3YARB-E3JpO1zFs,1052
20176814-0445-415d-9e77-fa0d11f3533a,"Bee Shine Car Wash",Lincoln,CA,ChIJPRPK2VA9m4ARu4rP1HVetP8,15
a7746807-8875-41c9-b12b-9079c01accea,"LUV Car Wash - N Broadway",Escondido,CA,ChIJ--Crv8H124ARUOeqPcOL-yA,1226
3453ba90-c59d-4987-9e29-ac531a069a6a,"Signal Car Wash at Hwy 119",Longmont,CO,ChIJhTMadwwHbIcRZcrA3L3nDVI,116
44bd10ca-ff88-44bf-95a9-45a62997491b,"Wash Me! Car Wash",Loveland,CO,ChIJRy8mnTutbocRze6pLqWhn4k,105
eae7d3c2-6343-49a4-af8f-601b9ecfa24f,"Loaf 'N Jug Car Wash",Pueblo,CO,ChIJUcwsJYChE4cRZ5LeRCXwm2k,81
91b571dc-6067-4b74-a4e0-0f8afb727b7e,"Water Works Car Wash",Alamosa,CO,ChIJf9jmOFR9FocRV0OaGZ_M4l8,46
80b96618-ff1e-45cf-85a3-af7df1956ca0,"Cobblestone Car Wash",Commerce City,CO,ChIJn8TxVZRxbIcRTfAZPcwE_r4,244
74111f98-cced-45b9-9c4f-5995dfc2d922,"HWY 160 Auto Wash",Pagosa Springs,CO,ChIJ80NksWjbPYcRHx-gVdMltT4,138
38a86a91-8e2e-417d-b185-06a7f48a187a,"Turbo Car Wash",Denver,CO,ChIJwcSjoWF9bIcRzJIpQemIhT8,174
49f2ee11-128a-4365-9940-cc8f04b203e8,"Touchless Automatic",Vernon,CT,ChIJi6WXD7n35okRXAhYrktJNRg,6
c6df531d-cc08-4824-b765-b3964195547d,"Russell Speeders Car Wash of Norwalk",Norwalk,CT,ChIJ00CH6Rwd6IkRNkmjevY2Vew,992
44f06cbe-a7a6-4830-985e-9942a3d0f23b,"Speeders Car Wash - Willimantic",Willimantic,CT,ChIJDy_ILF5h5okRnInPXAKRGNw,370
c7331051-3913-4ca7-a934-16250dd0d30d,"Mobil",Branford,CT,ChIJCePGbmPW54kRm4y2fG320nk,88
4763d923-c881-4ff9-bf79-afa8979e1f99,"Urban Spot Free Car Wash",Bradenton,FL,ChIJeVL3D-Q9w4gR8nYs_JWS5nQ,141
b8f2af18-810f-4c3b-89e5-a4dd44686147,"Circle K | Car Wash",Bradenton,FL,ChIJ6fuFFWk7w4gRQ767njKBxZc,75
fa42fd25-5572-4b30-a2a1-22c5048fb891,"TNT Car Wash 98 South",Lakeland,FL,ChIJgc469Ts_3YgRHH-A45GDsE8,14
663c718a-be31-4086-8670-9997badc071c,"Blessed by the best Car wash",Palmetto,FL,ChIJ498mcSgWw4gR_oWBJkRZi-w,10
64b8bc92-7137-46c3-8f26-22289be04f5b,"Downtowner Car Wash (Fort Myers Three Oaks Pkwy)",Fort Myers,FL,ChIJd9cWtIkV24gR076EOKzGQUs,342
aa2cc629-4edf-4cc5-a4ca-5c3d5e32e1e1,"MOJO Car Wash",Vero Beach,FL,ChIJ2YPkG_Nf3ogRIs-R1H89OZ8,1475
d3652b26-5de4-4228-a753-afcdb8f85ac9,"Racewash @ College Rd",Ocala,FL,ChIJuYGZK1vV54gRL_783TPKxDY,345
620f59f6-1119-4a4c-b13c-b703047d0864,"El Car Wash - W Broward Blvd",Fort Lauderdale,FL,ChIJe4i69JsB2YgRqDrWDQGxvoQ,2179
62541525-b295-40e7-a24e-9c7f8e27cd30,"Spinnaker Suds-N-Shine Car Wash Vero Beach",Vero Beach,FL,ChIJQfTd1hZf3ogRbFmFD_lsclA,323
ef6f98f3-60b5-4d3f-a774-f286f5eb6dd2,"El Car Wash - Fort Myers Gulf Coast",Fort Myers,FL,ChIJpVTToXQU24gRm4dkDXdVHVk,2606
e46212cb-045a-4e4a-9122-7bba21a53997,"Smart Car Wash NMB",North Miami Beach,FL,ChIJbY7Eknau2YgRhAOiIfrr1k8,779
06703f4a-edf4-4328-bd31-ee2704e0c41d,"BayWash ,Waters Ave Car Wash",Tampa,FL,ChIJG_KWv-DBwogRTR40nd9bK3g,152
08b22123-e55a-4e49-b703-9a83f4e06ee2,"Eco Car Wash",Pensacola,FL,ChIJSfKAwYSVkIgRfc5hISCAM30,444
1ed8df18-ccfd-4e5d-bb9a-f924cc880a15,"El Car Wash - Pembroke Pines",Pembroke Pines,FL,ChIJibMXNpih2YgRUEhB6OBB8Ms,1381
5c6acc93-044b-4564-8487-4f988234d6ac,"In & Out Car Wash",Ruskin,FL,ChIJPcz2YIjYwogRR-GYukPtHjQ,1137
a32098cc-8629-4c73-93d8-88558af23688,"Woodie's Wash Shack - The Grove",Wesley Chapel,FL,ChIJ9bGaCg6xwogRvFBybpbnLtM,1927
e1becb5f-e126-405c-a8f6-a075b5ea5660,"Caliber Car Wash",Ocala,FL,ChIJjd_Oq4Mt5ogReuzuRlcP5n0,1505
15ff3cd9-28a2-4527-95c5-97af5b3d98a8,"Top Edge Car Wash Tampa",Tampa,FL,ChIJJyso6M_BwogRWJ6dAPIJ4zU,1397
ddd8b4dc-e7a8-45ab-b98a-9fcf8f52a46c,"Salty Spray Car Wash",Port St Joe,FL,ChIJJbIrMt6XlIgRtBA4URY6STQ,143
cdfea36b-ed1f-4d37-ae86-8ab2f8f153e8,"TNT Touchless",Lakeland,FL,ChIJ3wktWt5G3YgRL9M4TNbqviU,7
6f779490-bfe8-4934-9725-02731d060723,"On the Move Car Wash",Jacksonville,FL,ChIJ92Q0exK15YgRwkOo1h4eMiE,40
52ec686e-dc08-4401-acec-359df3fb6ad3,"LUV Car Wash",LaFayette,GA,ChIJ0_tQlyQVYIgRTmZ_xqdeDpU,1589
db5ffe66-ddbe-4502-aac9-d07fddd89949,"TOP Express Car Wash",Chamblee,GA,ChIJaRX93KUJ9YgR8PNJ94xiC-w,155
5dbf9e16-bf7f-42ca-a1d7-725fbd7a487c,"The Wash House Carwash",Jefferson,GA,ChIJH6QxRcwJ9ogRPUnn2qBfWVk,129
87d84098-c81b-4e4c-948a-df9735fea3ed,"Supa Suds Car Wash",Macon,GA,ChIJiY9vXbv-84gRzSHSNnW1Xz4,114
fcf7a00d-220f-4993-a767-eca64c04e12c,"Best Car Wash",Osceola,IA,ChIJ6eyggO7i64cRalXbo5J4xMw,84
060292f5-9253-4b70-9110-cae2d57e11b1,"Fleet Farm Car Wash",Ankeny,IA,ChIJlTqZvZ6R7ocR62C2WH_9H4A,6
2ad2c6b6-b3b0-4d22-9cf6-0c83ca9f2d3b,"Power Wash USA",Denison,IA,ChIJp0rb1knCkocRXx1f6IKYPMY,29
37abbfe8-28a4-413e-af88-5806ad617f3f,"Aqua-Tech Car Wash",Eldridge,IA,ChIJaW1UFrpL4ocRnY7WoV4GYiU,48
8b29c015-b1d4-42ac-9789-f752eae890f2,"Touch N Go Carwash",Des Moines,IA,ChIJb5eX_mCi7ocREgPKJhU_n0A,114
90e75cde-8a32-4376-bd93-0150a0803687,"All Stop Car Wash",Waterloo,IA,ChIJb7vrF9tT5YcRPyhu9aLxEIE,75
8c794928-f9ea-486e-8a71-3d34d8a08833,"Cobblestone Car Wash",Boise,ID,ChIJP_y0ePpXrlQRi85Nkykh8zA,1025
7cd1309a-4293-409a-9a6f-b4d2280e45ec,"Firehose Car Wash",Idaho Falls,ID,ChIJ9QfuYPVfVFMRNLMg0GPyfR0,373
59d545b7-0263-4104-b6d2-947dbb094a16,"Mountain View Car Wash",Boise,ID,ChIJx5YDBWL3rlQRzTAJTlOKE7I,90
30b2494e-b811-4cb7-99b8-b3a97d9efc1b,"Hy-Vee Car Wash",Peoria,IL,ChIJB6fcVz5dCogRYt2y0vy5RIc,70
dbc8dc2a-4c81-4f65-90b9-f205ab45a5dc,"Waterworks Car Wash",Galesburg,IL,ChIJ6YF48I-94YcR6lCtTA-JjKc,186
dd081cfe-b193-4a4b-b126-f1cdcf667e12,"Wash 'n Go",Sparta,IL,ChIJcVgwbP83dogRg2o7mtgnUuo,156
5ef45adf-52b4-4602-8335-48b4ab67d93e,"Express Car Wash",Chicago,IL,ChIJ3av5K5fRD4gRMAXvBw5Nv68,1165
96829e4f-ea13-4cf0-be75-dcead9d71ea9,"The Car Pool Car Wash | Rambo's Pet Rinse",Mahomet,IL,ChIJP6qcAJvFDIgRSPXaDJtepl8,38
11bab44e-2a9e-41ce-a0d4-7cacab3fe9f0,"Jet Brite Car Wash",Chicago,IL,ChIJw2nYu97LD4gRz7MTyWkQKmM,1027
50cede42-cdd1-465a-82f1-b8f524648ecf,"Paxton Wash Barn",Paxton,IL,ChIJr7o55IwdDYgRnu10M9-UbXY,55
d20e1f27-7636-4b8d-babd-42a1dacd6bf5,"The PRIDE of Chicago",Chicago,IL,ChIJIWElF5ssDogRnT3UvgoYRv8,144
62ddaf34-f200-4b38-9857-7e9b4ff62b96,"Ducky's Car & Bike Wash",Harvard,IL,ChIJoY77c3VbD4gRTKdvEyg5_-E,31
c60daab8-54f9-434d-84ea-0240d2482385,"Speedy Xtreme Wash",Streamwood,IL,ChIJMZ1BkUioD4gRC2PJs5OSv4w,148
75072985-9772-4b14-9c66-b4d989c252a2,"Everclean Car Wash",Mt Prospect,IL,ChIJXT7KFxW5D4gRU7lsB24yRKY,683
d1f3fc85-65a0-4a7e-9196-5b5bc26e752b,"Atomic Express Car Wash",Algonquin,IL,ChIJx7Ox9cIND4gR_fDdQYKHaqg,115
4ba1f5c8-554f-4cd8-a57e-e66d5ef27adf,"Raceway Car Wash",Arlington Heights,IL,ChIJCbHx5xO7D4gRD0pewJTMbgw,1087
e92b2052-ed7d-4024-b209-00dcb8470c2b,"bp",Aurora,IL,ChIJuX1sjJnlDogRKJXPUaQuc3Q,166
d745d074-b89a-482a-9991-5830c338927e,"Rays Car Wash",Fort Wayne,IN,ChIJkz4Zu-LjFYgR5m0vAVCNuJQ,119
e8e2f6f5-5cc2-405f-be1b-02065b459246,"Crew Carwash",Brownsburg,IN,ChIJLUsjHsetbIgRcDEaWXXuR3o,1016
ba9df2b5-5b45-4377-b2b9-57707f6ebb48,"Crew Carwash",Indianapolis,IN,ChIJjU4OXRRPa4gREbJJSGDvhpQ,1735
68d1c787-9171-430f-be30-a5032d84c35e,"Super Clean",Orleans,IN,ChIJ93kcvowcbIgRd_wvUopmL8U,105
66e59892-6a72-492d-9ca2-4ba2bc66c4d9,"Gilley's Automatic Car Wash",Scottsburg,IN,ChIJS6bpSWraa4gRTJVCOT-gci4,151
50d1ff2b-18c8-40e2-bc54-7be97e71c515,"Crew Carwash",Indianapolis,IN,ChIJi6nq1cJQa4gRUtiKhujQxL0,1133
ef48a4bc-9699-4077-8ec5-cab1e28e80da,"Crew Carwash",Columbus,IN,ChIJL1nNW_qga4gR2sTN7EJLbD4,820
282f260c-ad96-40b8-b7c6-c75d9f84a5d0,"Jones Car Wash",Osawatomie,KS,ChIJTe4TWKFTx4cR5Pqq1rmp-t8,45
d01e9045-b2e1-4831-8262-ff95f3d7293b,"Wes's Car Wash",Spring Hill,KS,ChIJcXbq0X-7wIcR3sIbJ3Iz4fU,59
a850680a-3c04-492f-8037-e76141085058,"Buff Touchless Car Wash",,KS,ChIJgTEOxXJ5oYcRXGpb8CVkACc,353
ac6cf1dd-5fef-450b-b3f4-fb1b901b64dc,"Mr G's West 6th Ave Car Wash",Emporia,KS,ChIJMZz8enhOuYcRnuUQXRRLECI,117
62da14f8-3615-4d5e-b1c0-af4668710cbe,"2 Touchless Automatics Broadway Carwash",Louisville,KY,ChIJgUOaHE9taYgRn_QbQZMpkP4,27
7d28ce8e-d520-4cee-911b-aec93b7c53a7,"Safari Falls Car Wash",Danville,KY,ChIJ0zDfR6iQQogRrqAFsqZDgWc,83
12512201-6077-43f9-9c46-e780e8fe251c,"Soak-n-Wet Car Wash",Owensboro,KY,ChIJu52acsi7b4gR0YG6C0K_mds,127
a3639972-ca39-46ab-8059-695a0a3acff1,"Carriage House Express Wash",Wilder,KY,ChIJbWNorra7QYgROVATh8kbQdM,80
d1027511-4674-4514-91c1-46e9c2197c43,"Wilder Touchless Car Wash",Wilder,KY,ChIJi0JsBPqwQYgR2ooyT2-u8m8,50
0be365c4-3e0e-4dfc-a93b-b0f78bcfd6a9,"Thoroughbred Express Auto Wash",Morehead,KY,ChIJZ4Qj83wNRIgR-oPVOe_DuoI,97
2ae4688e-d154-4a6e-b64e-f8c20a89c207,"Thoroughbred Express Auto Wash",Maysville,KY,ChIJF4vH6I9bQYgR-C14QbYg1nw,560
3f78a7db-6acc-4d75-a257-c25609a702a4,"Cheetah Clean Auto Wash",Shepherdsville,KY,ChIJbw_IXMEFaYgRLD0resavfQA,430
182c08cb-d508-43ea-af7d-bedda3266a4c,"New Heights Car Wash",Baton Rouge,LA,ChIJDflbRKu8JoYRRg62g7l2nYo,19
8cd336dd-4489-4787-8197-d1babd6fe80f,"Chevron Touchless Car Wash",Baton Rouge,LA,ChIJI2ZfpkmlJoYReaiWvzdhyjc,1
208896dd-f173-4e79-9693-b3d22eaf362e,"Pelican Pointe Car Wash - New Orleans",New Orleans,LA,ChIJX63NFrqlIIYRNPViJsd4V6Q,741
9424e4da-203f-4e36-90cc-3cc37479a6bc,"Golden Nozzle Car Wash",Hadley,MA,ChIJ6wLRPPbR5okRHyx-ueq5ofs,126
45123afa-8e33-45fe-854a-9158c312bcbf,"Touchless Power Wash",Fall River,MA,ChIJjTpq18r45IkRNa-gJjPYa0k,41
8d74c6a9-e1f2-4aca-b26d-c938b111068a,"Super Shine Auto Wash",Braintree,MA,ChIJY_rZBcli44kRG0gKmv9SDuM,144
14f706e6-8b1f-43a9-a850-9e267aaf7c1d,"Touchless Laser Wash",Norwood,MA,ChIJtVUaHw-A5IkR4bOE4H8un50,17
db876ff5-affa-4310-a59b-4ed83cc3f6d1,"All Washed Up Auto Wash",Medway,MA,ChIJea8MPfdw5IkR9eCRdlRtzT8,122
6029d7aa-0496-4f4d-8b2d-41ad8ef34750,"Prestige Car Wash",Quincy,MA,ChIJYZbDG69844kRfsXPuYd9ULE,1258
21f7df65-b8a4-40c1-8642-d00a7ef80b98,"Bellas Touch Free Car Wash",Hudson,MA,ChIJKRsWQsqM44kRNPFzdpXRHlE,213
0729898e-990d-4319-b010-860a3bab6389,"Commerce Way Car Wash",Plymouth,MA,ChIJPy_nZ_W75IkRfrNEAum7GLk,14
7650365a-31c5-4247-8e70-004c10aaf69e,"Flagship Carwash",District Heights,MD,ChIJ_xdoUdK-t4kRWevDo7fCxP8,302
2a866e0e-68b2-47be-a94e-12f6d800b378,"Sunoco Car Wash",Colesville,MD,ChIJM3IZc-XEt4kRJgCmptzVXgg,57
5b66ce74-2212-468e-8035-3b4cfb0bc784,"Jax Kar Wash",Jackson,MI,ChIJV522uk0lPYgR2-cDUyc8wIE,797
f6c6fc82-e4b4-4375-a70e-3a8caa134073,"Touch Free Automatic Car Wash",Alanson,MI,ChIJr1fVQx1_NU0Rh4gxw_yIw9o,26
fde1e759-aa6f-4653-b725-75712d35198f,"Bob & Kay's Auto Wash",Kalamazoo,MI,ChIJ2ZCCz-Z2F4gRvoOCVwd69uo,339
e27783ac-8b0e-48cc-9578-9680ed142b03,"Sunrise Carwash",Brockway,MI,ChIJrfB72qGxJYgR3VTh05Svr4s,42
e807436d-48fa-497c-90a1-3a5643122062,"3 Rays Auto Wash",Flat Rock,MI,ChIJE6u7jhVBO4gRuZh0X7QId0M,19
96960581-e4cc-4bba-81ee-1be2cac15ac0,"WhiteWater Express Car Wash",Orion Township,MI,ChIJk0VdcPPtJIgR9B9rd42cipY,209
c2b072d4-5d55-4a1c-bd08-489bd703ebe6,"Shell Car Wash",Galesburg,MI,ChIJrVSYnp-RF4gRMYSuTwH40uw,29
f52662d6-fcac-4e27-98b0-3f3ac5f2bef3,"Jiffy Car Wash Inc",Grand Rapids,MI,ChIJ_b2FJYmuGYgRbIUfqxCbZ5g,130
1172cfcd-683b-4ce5-86a2-92d8c579bfde,"Jax Kar Wash",Madison Heights,MI,ChIJx0WuWC3FJIgR6yX2qHbSx8Q,541
c20288c2-b3bc-4b97-af72-d08c193b4ee8,"Drive & Shine Car Wash",Portage,MI,ChIJz6GH9oydF4gRE-XEGF1u8B8,3165
606bf7fa-e947-4061-a7fc-c4899456285c,"Performance Car Wash",Marysville,MI,ChIJowIIC5V1JYgRwADnpWuvo8U,170
3ffa8389-49f7-469d-867b-efd73b80baf7,"WhiteWater Express Car Wash",New Baltimore,MI,ChIJp1klZmgZJYgRYwwDytKf1-E,40
a749e2cf-83ac-4d93-a50e-02f2844621fb,"Circle K|Car Wash",Munising,MI,ChIJO_nPqgyMTk0RYRkbP8YAAg0,33
46c49969-c2bb-424b-8599-78b423082540,"SNK Carwash and Oil change",Nisswa,MN,ChIJL6NNohvCtlIR70tjzvffZao,147
56a0d63b-41eb-45a5-a80a-ead4b697d202,"HB Express Car Wash",Faribault,MN,ChIJsab9N0b39ocR7s-4D41v2U0,28
645c3887-3a24-44db-b5a8-c831355f3ca1,"Due North Car Wash",St Michael,MN,ChIJ8dLmCk9ds1IRA66zjChjw_w,64
24433e26-66f0-4472-baa0-543fa459d3ef,"Dr Spotless Car Wash",Liberty,MO,ChIJcxwUk_T_wIcR1HpaHcRSxtw,162
c705c0cc-eafc-4400-9c2e-8883024053ee,"Blue Iguana Car Wash",Springfield,MO,ChIJM-vjrEFjz4cRHYhQezQt41g,685
49af5dac-1505-40cb-9733-fc8376fbdb28,"The Better Wash - Barry Road",Kansas City,MO,ChIJ0WBTT_pZwIcRDD7-7cs9hkk,499
d65564bc-ba36-48a3-b016-48a8bf74cd37,"Tunnel Vision Express Carwash",Harrisonville,MO,ChIJQ4DIxEgpwYcR6Sj3Uqpu-Wo,181
cdb11918-fdaa-43f3-a8f8-f46cb27855a5,"St. Charles Rock Road Car Wash",St. Louis,MO,ChIJrTzSn6g134cREAmhuHbnRyY,131
9a1772d4-60fd-4fc0-8534-c87126a56411,"Circle K | Car Wash",St Ann,MO,ChIJvzti6tQz34cRhxB3BMklb6c,7
bcb20456-776d-420b-9ca4-dbacd242eaec,"Wet Wash Car Wash",Independence,MO,ChIJsb6rtvH8wIcRVK23JTrbRlI,278
c649a100-78c3-49a3-ab97-61bf4dfae50c,"Brentwood Car 'n' Van Wash",Springfield,MO,ChIJb9KndEFjz4cRErAmQhmj1E0,291
111ebe0b-dfe0-482c-817e-3208edaa7cd9,"Ultra Clean Car Wash Independence",Independence,MO,ChIJCSIBKbfiwIcRV95C0sEzmvY,2490
5e963acd-70cc-4e9a-8c14-dab8af0f104b,"Best Car Wash",Sullivan,MO,ChIJ2T5cet1j2YcRFqghNDbhxIA,154
80067894-2ef5-4daa-93f7-427c8b5a60cb,"Auto Spa Speedy Wash - Florissant",Florissant,MO,ChIJ7akvjK1J34cRFM0-hcE_mMI,247
bc184ccd-23d5-4fa7-a278-1ba8fc6a53ff,"Mexico Laser Wash",Mexico,MO,ChIJeerGZKL53IcRyLCAfrxiBR8,12
fcef0887-0f21-4497-89a4-eb5549322989,"Jan’s Car Wash",Pearl,MS,ChIJobPRoc8tKIYRqqcM8--cOSQ,48
3b71dd73-c266-4bb3-9a38-8244d4d82061,"Deep Bay Car Wash",Lakeside,MT,ChIJ-WnSO7GrZ1MRgyaTi8W6CaY,18
5f4f5c43-08f1-44b2-abf1-fc4407fc0750,"High Caliber Car Wash",Bigfork,MT,ChIJx2Ok_YazZ1MR5YPp0N4BmH8,107
39223e4d-7bfd-4ab5-a550-3e801156615d,"Riverside Rinse",Whitefish,MT,ChIJB3boIDVoZlMRcMm_dWb2elY,148
afe8928b-d8e3-416d-a284-a89b074b735b,"Carriage House Car Wash",Bozeman,MT,ChIJYQB9AsdORVMRypWbqsYKifk,165
c9164bf7-e66a-40b5-81e5-392952fcc087,"Rocket Wash Express",Wilkesboro,NC,ChIJBdnnVfkNUYgR-0QSz0xPayo,144
684215fe-197f-4d1a-bff6-07809ca910a1,"Bonnie Mist Car Wash Inc.",Morganton,NC,ChIJiXMFEL_PUIgRU7go1sp0jD0,139
56299d44-cb74-4a47-95c4-f2612c94e0ed,"Liberty Auto Spa",Jacksonville,NC,ChIJf7xL5PERqYkR96JtA4cm0H8,75
f491af97-fd4a-45b3-b95d-b01d64b96011,"Rocket Wash Express",Raleigh,NC,ChIJ4_QWw1lXrIkR7N6JnPSRgDA,396
2ce06f1d-f1d6-4255-95c3-742c0394e86b,"Car Wash Wizards | 448 Swannanoa River Road",Asheville,NC,ChIJi2g0qp7zWYgRAF75uY207mo,267
4a458312-0f53-4bfc-a92f-e7c341278be8,"Auto Spa",Maggie Valley,NC,ChIJYeHrt4twWYgRqQNqghFvKCo,103
9fea2f9e-2ff1-4884-984d-3840df90a2c0,"Long Beach Auto Wash",Southport,NC,ChIJAVBgGXgHqokRD6qf77ZReFI,70
7e0c133f-7296-49e4-aea0-e252a7d1469f,"AUTEC Car Wash Systems",Statesville,NC,ChIJT05IILNbUYgRWY_WRva4zXk,257
e04d0063-9f2b-42b5-b1ab-6cf128a25b8c,"Forks Finest Car Wash",Grand Forks,ND,ChIJ5Z1yI9OAxlIR2KlfaR4Kt3A,204
43ffc886-6efb-42be-a8c9-59bcdb22c3a9,"Bubbas Bubbles Car Wash",Williston,ND,ChIJ_2FLeLdcIVMRd1ZBqrUStKk,354
0b3a4af3-e8aa-4adf-b381-8e73f1953f87,"Bubbles Car Wash",Grand Island,NE,ChIJQS2S0GiGmYcRnDhbLUkk2vQ,200
1f472767-21ce-40dc-9b90-145182821adf,"Rocket Carwash",Omaha,NE,ChIJhVM3kX7zk4cRyj2yOcVlxrg,687
dc330965-e21a-4051-b53f-82c4aca70168,"Rocket Carwash",Lincoln,NE,ChIJ4yaxUACXlocR_VHYGp-X0SY,328
e09051ea-1233-4a9d-8763-045c71c07a18,"Kerner's Self Service Car Wash",Manchester,NH,ChIJ__-PU7VO4okRpMKmVj2wLQc,109
08ee69d9-295d-49e8-b23f-85ea300a1914,"Big Sammy's Car Wash",Maple Shade,NJ,ChIJP2LcSQjLxokRVMWgEoG-wxA,1292
4ed34a70-bac6-4e8a-b8c2-04304a81acb2,"Valet Auto Wash Lawrenceville",Lawrenceville,NJ,ChIJOdu5shPiw4kRJHwa4yMuXuc,1556
5414ec96-e02c-427e-bf2c-ca9c33d4b4bd,"Soft Cloth Car Wash",Hackensack,NJ,ChIJ8exKew_6wokR9aZEOSUxICM,38
675e5bf0-193f-4ee3-84c0-c30fdd1b8abc,"LUCA'S LAUNDRY",Glassboro,NJ,ChIJBT5zz1LWxokRgx9KU7ZCP6A,141
48d0f1a6-1108-4113-8026-90a9f6bbb1dd,"Waterworks Touchless Car Wash",Jersey City,NJ,ChIJF_A8Dd9QwokRyRes3RkXycA,157
0695a4c5-d0f1-4880-95a9-b63a932f8268,"Pemberton Car Wash",Pemberton,NJ,ChIJBbzCTSlBwYkR0Y0c0ohWtPY,196
d494aded-ebdd-444e-a8d9-5bf0ecaa2bbc,"Spark Car Wash",Lacey Township,NJ,ChIJp8mXfcqhwYkRRfnNHpXeeRw,822
951fe243-3cba-4df4-b0bc-cbf0278e7348,"Team Express Roselle",Roselle,NJ,ChIJIQ2RI_-yw4kRKSrTOu-N4b4,984
6fda27e0-1692-4dc3-bcbe-71c288ff68c0,"Tahoe Blue Car Wash NW",Reno,NV,ChIJi9_SsyFEmYARCaYO4J_OMiU,200
51880902-c8ab-47b5-b21c-62b7781f80ce,"Sierra Express Car Wash",Reno,NV,ChIJP0qNicE_mYARGE7gYM6hUV4,743
3fd50c5c-5b66-402c-8cec-86c9d02da600,"Scrubbs Car Wash",Reno,NV,ChIJ5eG38TQVmYARqb4c4iSmFCk,570
f4b778d5-5418-48a5-b345-da5125eb2e85,"Touchless car wash",North Las Vegas,NV,ChIJXTRfPwDpyIARfStXmkPUYZs,2
a4bd01c8-2f33-4460-a952-c8a9c79da9c6,"Simoniz Touchless Wash",Toronto,NY,ChIJewAByxHR1IkRD-pV4DWf6fU,85
7f4b05f7-5918-4234-b878-dc22a3bf4d87,"Foam & Wash Shell Express & Car Wash",Poughkeepsie,NY,ChIJdeO5xAU_3YkRQcnErV7y0ts,334
fdd6b076-4ea0-4266-a6ae-a8d6e33cc19f,"Simoniz Touchless Car Wash (Canadian Tire)",,NY,ChIJPzaYR5E4K4gRl5c8tEEiijI,26
5e7ce61c-be1f-4178-9012-d14c07af7021,"Imperial Hand Car Wash",Rego Park,NY,ChIJXwH4qnRfwokRR0dj1EZEFEo,965
944acbf2-c596-4ec2-a067-fe68ca679fee,"Delta Sonic Car Wash",Syracuse,NY,ChIJ2RfJBtyM2YkRG7s4kEbqji8,638
794f371c-357e-4aa6-a4eb-ba7a11033cdb,"Lake Effect Car Wash",Oswego,NY,ChIJxzoyPb9914kRVtOlNiL3WcY,35
054dbe01-c662-4dd6-aec0-2198ea16b752,"Hoffman Car Wash",Hudson,NY,ChIJq1FgyW2U3YkRk1VsEVoZYTw,258
9318a926-f4f3-4724-9c68-f08bc9708ad6,"Camden Car Wash & Storage",Camden,NY,ChIJV6xAjbyn2YkRzEZMEsistQE,76
9f896e37-6b75-4572-9017-2bb770c9aed8,"Diamond Car Wash",New Paltz,NY,ChIJx49ABaIi3YkRb6zZHNNSn2E,123
46dc0d58-a42e-44af-aa84-6748f06252c0,"Cougar Car Wash",Lima,NY,ChIJ0SIV3v5G0YkRIC2TTGKLxtE,79
41ccb6a6-515f-4d75-8eeb-d0a8b03708f0,"Woodbury Car Wash",Plainview,NY,ChIJl4_N7JeBwokRJTFqzFSyqao,230
3f384486-7d33-45d2-9b98-be1a48edf870,"Ultra Car Wash",Watkins Glen,NY,ChIJ40eDPKxf0IkRaCR4ZYhT_Lw,98
f3c9c405-8955-4c5c-b611-0a71f5e72831,"Hoffman Car Wash",Vestal,NY,ChIJgf_geBHs2okRL_nbHcB8rmo,641
448e309e-4865-4c55-803f-c935cdc210a5,"Touchless Wash",Markham,NY,ChIJKzLM6EHW1IkR_yD8bfYlPA0,105
c8c7cc29-17db-4d27-b53b-035718406b44,"Harry’s Express Car Wash",Rockville Centre,NY,ChIJX0YlYVVjwokRxOIMrWpdFCA,497
d27b8134-7d9e-4656-8c35-f346461618cc,"Simoniz Touchless Wash",,NY,ChIJp7rhpVhI04kR-ePBCcq5f-c,1
48b9d1f9-1843-4615-aa2c-064f0d737122,"Williamson Car Wash",Williamson,NY,ChIJi5u-pfAn14kRbu5u8SWvwAI,128
c35d40aa-2e09-4f23-8a37-1083c645d049,"Eden Car Wash & Detail",Eden,NY,ChIJmdAiwJcd04kRIEkp-RzP7Bs,62
b8973185-d506-44a9-8240-86651047dba1,"Community Carwash",Sherrill,NY,ChIJfQht9Rpx2YkRtGYaTMGuA34,103
5e96f871-70ca-4493-8295-20a9e0e58d88,"Caress Car Wash",Whitehouse,OH,ChIJazygCgtuPIgRKT9jur3fTz8,24
12d58166-8c14-4321-a56a-f3cb03e3b78c,"Dayton Super Wash",Dayton,OH,ChIJF6JrCImEQIgRXdS1mTcD_Z4,275
abb275de-83db-43c4-b999-9d0e5fecfb45,"Star-Brite Car Wash",West Lafayette,OH,ChIJG8n1vpWmN4gRtT3CvAEQqN0,10
a0bda432-f3b0-4296-b615-30d0bfe71710,"Moo Moo Express Car Wash",Pickerington,OH,ChIJk-qFGSt7OIgRyZ8nBNIH7OE,1128
884467be-c823-4b5f-9476-894d9b5cf3bc,"Spot Free Car Wash",Columbus,OH,ChIJRUXnkWZiOIgRae4V5bcMhHE,62
8a7b0d39-e19d-4e6e-b1ae-a11d07cdd9e0,"Carriage House Express Wash",Hamilton,OH,ChIJg0b9A6pFQIgRiGpiBIwC0dE,68
d31cedd7-72d0-49bb-bd76-77f140271260,"WHATAWASH Touch-Free Automatic Car Wash",Boardman,OH,ChIJiwuR2qD6M4gRu4pHc9puHGw,145
bc28b775-3eec-4c74-8d1f-073ddd5804dc,"Parkmead Car Wash",Grove City,OH,ChIJQcCh0saEOIgRnjaflCTgHDU,157
794d81de-b590-4293-bb5c-3fafa34bf8f4,"Ninja Xpress Car Wash",Lewis Center,OH,ChIJLz2D6B3zOIgRjRy7IqnL3ZM,324
064c2eef-3f79-4680-a837-8abe839515ea,"Soak-N-Suds Car Wash",Piqua,OH,ChIJh_kDk2Z1P4gRNkQgIAraBlo,126
579f9ffb-f7ed-4c63-a927-62620f258516,"Carriage House Express Wash",Cincinnati,OH,ChIJ0RAK0v3JQYgRMtBqYCQGET0,87
707057b1-0c67-44ca-9427-48eae400461a,"ModWash",Youngstown,OH,ChIJ8UidHF7nM4gRDbX4gYyS9i4,2040
9d8766c3-ffc1-4831-8b24-623e87c4e5b8,"Petit's Auto Wash",Akron,OH,ChIJB0ZVV_grMYgRHCOo-rmLwos,157
c0ec8ebb-33e6-417f-bea6-f46d9a977fd0,"Moo Moo Express Car Wash",Lewis Center,OH,ChIJ_4SyeY7zOIgRF5ayFB8OlUM,60
19e19719-4249-4a06-b436-fdac103ebab5,"Touchless Shine Car Wash",Marietta,OH,ChIJDxU934DMSYgRHPIbXRm7Qkk,93
341612b9-7b9a-49ed-97cf-dd3027301f81,"Godard Country Car Wash",Medina,OH,ChIJuwSDMN3PMIgR3vSXIGuahEI,35
5e216b45-504a-42cd-b76d-956114b0a288,"Cruise-In Car Wash",Bucyrus,OH,ChIJyb3Ai2J0OYgRhscOs-P7kJM,144
9775a55f-3ddc-4599-8933-8bffa98c9fd9,"Country Clean Car Wash",Uniontown,OH,ChIJL8gZExTTNogRm4OFqkOlUqk,50
c6356404-804b-4c65-b19c-3ab7ea43efde,"Heights Car Wash",Cleveland Heights,OH,ChIJRcdGLPr9MIgRrim1hGCKqW4,103
4e2e1cd2-9c8f-4482-922c-324c9d8e83d9,"CrazyCat Car Wash",Brookville,OH,ChIJ3R-yyRJ5QIgROTiq12utATY,26
009a8041-bfba-4997-b13a-1a49019da414,"Buckeye Express Car Wash - Mansfield 2",Mansfield,OH,ChIJ0TLjOzfrOYgRJ-xl7c21guA,131
f6af48a4-787f-43af-9e7e-e14966333ab9,"Glass City Car Wash",Toledo,OH,ChIJS3ZTsLt4PIgRdL03r3mZQFQ,88
09aaf42a-e8f6-4a0b-9328-c17d0d6cf905,"Ultimate Wash",Maple Heights,OH,ChIJR8swoADjMIgRcXLk55G7Sio,87
164085b1-8f5a-4e3e-9ad0-cfee110b154a,"Wash-N-Go",Bedford,OH,ChIJXb3WDJDiMIgRyOrRR5ndKbE,171
850743f2-799d-4159-9f9d-ef55602000d1,"Four Seasons Car Wash",Moraine,OH,ChIJb1WHJi-GQIgRxkk8Yg3trac,281
d4c8f176-932d-44c8-a6e2-d526ca9af042,"Premier Car Wash",Rittman,OH,ChIJ65T_hYzNMIgRWxP-KJErAgk,15
4d9cc6ef-5ac8-4e82-8bb5-55b7351b94dc,"Blue Falls Car Wash",Willoughby,OH,ChIJE3vK-5arMYgRaU5t3yuW0vY,122
0ebd705a-fef1-4add-85ed-8da9e0e344b8,"Solid Buy Car Wash",Seville,OH,ChIJNfh-VLzLMIgRBZTMfFBJuyE,69
75a55d8b-5285-48ad-859f-568c4dea8a52,"Simply Clean Car Wash",Columbus,OH,ChIJ47SCxxubOIgRCjhwhmDrFO4,56
f6084c48-cb0f-4906-bb1f-d22602d9e5bf,"Squeaky Clean Car Wash",Oklahoma City,OK,ChIJtQT1sHI5socRtuxxwg2dS3M,132
83a0ad76-ee29-42dd-bb41-555465909e10,"Red Carpet Car Wash",Oklahoma City,OK,ChIJQX0clFcasocR-J9ejrlN8Ms,508
8cb0a402-7662-4659-ad41-8f815db6609a,"Champion's Auto Spa",Jenks,OK,ChIJwXcw4zaRtocR2uNqzvVlhy4,130
002d68e2-c7ce-43d3-9217-078ba1cc535e,"Idabel Car Wash At the Y",Idabel,OK,ChIJPW0xtu1tNYYRpb5Mj-wdQ5M,129
ba97c0eb-e681-4a65-875c-8709920eb9bb,"Touchless Car Wash",Broken Arrow,OK,ChIJk2p5BuaLtocR7_GEc3NJs8g,11
e6909fed-e02f-454a-8f86-a992ca918901,"Laserwash of Woodward",Woodward,OK,ChIJKZuVchbFqIcRx3qMtAyQFtI,129
dd1624da-e5ad-488e-b207-32741971d9e5,"Kaady Car Washes",Lake Oswego,OR,ChIJAUBKwOZylVQRgfL_eGWa6pU,217
b77d4af7-3ae5-429b-a95f-14fe1a0155c3,"Touch Free Automatic Car Wash",Beaverton,OR,ChIJZ7156aIOlVQRT7ltBVDPrBg,9
d74e6d1b-04d3-47ff-9465-f1d1061428a5,"Kaady Car Washes",Hillsboro,OR,ChIJB3RN6FEFlVQRCxQNvlTQenc,820
eb29f8e0-c398-438d-be0e-63993e092daa,"Happy's Drive Thru Car Wash",Medford,OR,ChIJgWh7NgB7z1QRD5bnw9glQbY,318
850f685f-4065-45de-b262-f44125109a90,"Scappoose Car Wash",Scappoose,OR,ChIJNe3thPdUlFQRWsvcQpc8ag0,246
470557f0-9403-4687-b3e7-f883bd8438ce,"Souderton Car Wash",Souderton,PA,ChIJQT9fZ3ogxIkRlcIlOjb23Z4,79
2a9c6452-33de-4cf6-afe2-7d6008deb98d,"Snowy White Car Wash - Emsworth",Pittsburgh,PA,ChIJqQb1Syz1NIgRdzKZOLk2IV4,4
1ea63afd-2468-425a-a56f-191a7a4668f7,"The Bubble Works Car Wash",Washington,PA,ChIJtVCTeJGtNYgRgbJzN69tLDE,191
dc7a8118-bc08-4320-afed-e3ef7761c81a,"Sweet Pea's Wash Works",White Oak,PA,ChIJiaKAMavoNIgROjyCKNW9fJE,297
e92b5985-3663-4b46-9dd9-6ff7a50b15ce,"Fast Lane Auto Wash",Harrisburg,PA,ChIJa8VBSMa-yIkRu554VFMIstA,271
7b362578-5f1e-44b6-8bd1-864cdeefa8ad,"Waynesboro Water Works Car Wash",Waynesboro,PA,ChIJjZXy9zWWyYkRVSRfO_MwggM,153
c59df748-f3b3-4221-8725-16592cda355e,"Suzi Sudz LLC Gettysburg Car Wash",Gettysburg,PA,ChIJGeg4cn2ryYkReu482RXyEe8,213
d3741d0f-7e23-4bcd-a897-61a8dc4c2cab,"Pit Stop Express",Pittsburgh,PA,ChIJeTbUjU_1NIgROfdbRCARMdk,59
fe35a2f4-db89-4da1-9e99-b510f0907776,"Mr. Wizard Car Wash",Kennett Square,PA,ChIJZ8bUSBlWxokRT_q2zSaI2lI,241
7debd92c-da0a-4e71-9f81-113b7b92d653,"Sweet Pea's Wash Works",Pittsburgh,PA,ChIJr3Rs6XvtNIgR-_EN-So5rzY,61
8a080675-0694-4371-b4fb-d32adcef8f95,"Keystone Car Wash",Chambersburg,PA,ChIJoVu2cg6eyYkRm9b5gJi-fNk,86
8b6e6c5d-6577-4f23-8df6-e1d40538b4cb,"Splash Car Wash - Spring City",Spring City,PA,ChIJP0Dp8caPxokRpVp0GQm051Q,250
3b09229f-6a53-462c-961f-c934e63c6597,"Crystal Clean Auto Spa",Philipsburg,PA,ChIJVbAA-5MTzIkRUt9EmZeEAfI,137
67ad9855-2eea-4186-b8d9-c2bf72fb92d5,"Sanatoga Carwash",Trooper,PA,ChIJZ5v6F_eXxokREHjoo-YqX7k,17
39e65ebf-910b-4d3c-ace0-ac455657dac8,"Zacherls Riverside Drive Car Wash",Oil City,PA,ChIJTxvuHKohM4gRgGgaL2MBWjE,49
1c91f74b-21da-4648-b2c8-bbc5b7b73b49,"Diamond Brite Car Wash Rt 724",Pottstown,PA,ChIJa-IfDwaGxokRJbkhCNljowU,40
6ac8094d-afbf-481b-84d4-7a3a1393f067,"Orloski's Car Wash",Shavertown,PA,ChIJK12-iigXxYkRFrGCQ1g5Ngk,174
09958a42-a9c8-4147-b50b-9b8865b3983b,"Mercer Car Wash",Mercer,PA,ChIJ89sNswijM4gRfdes-MDxrhs,93
15ead1a8-686a-4973-a6b8-89bae4f2d681,"Noble Car Wash & Doggie Spa",Carlisle,PA,ChIJJ4zJQyceyYkR3VckiCUB0ko,235
f7dc1156-c74d-4af4-a540-244af0c01344,"Kwik N Ezy Car Wash - Peckville",Peckville,PA,ChIJ84Ll7gzaxIkRwg-q-UwaErc,133
491f536b-8c40-42c7-9c3d-729371a8dada,"Fast Lane Auto Wash",West Hanover Township,PA,ChIJ5y5zBZe7yIkRXcva4MkfO5Y,21
9d5cfb7a-d161-4125-b963-d86767220ed2,"Laser Wash Touch Free Car Wash",Washington,PA,ChIJXe6_I6qtNYgRHOYbipsnGEY,83
f218f910-4147-4706-8ab3-ecdf2765c8a8,"Wacky Wash Touch-Free Car Wash",Butler,PA,ChIJNS4eGVpjM4gRYfWaOzgeiVw,15
d64d0a8a-8f65-49a4-9103-fa9e717efdd7,"Hometown Auto Spa - Lehighton",Lehighton,PA,ChIJyXA9qyxNxIkRvw2a_yr54Jw,223
f3dafde5-451e-43c2-958a-103fd30687fd,"Mr. Magic Car Wash - Wexford",Wexford,PA,ChIJk7dGtYKJNIgRJz6hR4Y5JS0,241
c5f3a28a-0a7d-415a-9f10-1f88459b5e28,"WhiteWater Express Car Wash",Charleston,SC,ChIJCa0Vwox9_ogR5RX30Aan17M,604
d7f47ade-55db-42b1-9e77-2d04ae5edd8c,"The Car Wash",Greenville,SC,ChIJb49jasgvWIgRwrntMCNPN4I,152
6f3e042c-9322-407a-b3fe-e1b24fc539ab,"Buggy Bath Car Wash",Spearfish,SD,ChIJIVFPis2ZMlMR6mYxlbvNkiA,91
983bd94f-6398-407a-972f-6fe85cb6e210,"Westside Car Wash",Hot Springs,SD,ChIJBQYpFrjNfIcRY6-znqgSgew,74
628524b4-5c69-4cd1-af51-9218a0e43cd4,"All Clean Auto Spa",Rapid City,SD,ChIJD5N5NhdFfYcRJVXglqxCeGE,57
472ed7fa-e99d-4b4f-b6d4-c40b0a09904a,"Eastside Carwash",Milbank,SD,ChIJh3K4v6qbzFIRtGSH2m6Ec-U,53
88d1b031-5943-4925-b378-a6701662dd91,"Blue Tide Car Wash - Touchless",Sioux Falls,SD,ChIJNQX-l8_LjocR00xMk0SBAds,63
0ba71d76-09f0-46fc-8b11-4595d3b4d57d,"Xtreme Car Wash",Yankton,SD,ChIJ_SdmrVmgj4cRRNluRR0PHO0,109
a2558d49-4d25-4497-9469-5f5d9bc4c1cf,"Super Tunnel Car Wash",Rapid City,SD,ChIJqckk2DxnfYcR141Gii1vEoU,87
30864831-3eba-4acb-a2a8-8e4a8e7d26d8,"Clean Getaway Auto Wash",Brentwood,TN,ChIJVU6ILS97ZIgR3wVMnap3BXc,8
188f4f75-3f5f-44f9-9ef4-1f98363bc812,"Accent Car Wash",Chattanooga,TN,ChIJTeY4MERcYIgRnXpVd8oxM_w,66
969e63a6-ce2b-413a-aac1-43bcee608d6d,"Clean Getaway Auto Wash",PORTLAND,TN,ChIJDde0WJLLZYgRxsqqOf0a3Oo,32
90382179-42cc-484e-9f2b-bb5d2ce971dd,"Touchless Automatic Car Wash",Shelbyville,TN,ChIJzQfD5MHCY4gRZrcPIYfKWXM,40
5123c9fd-a0fc-470c-980f-27cc1dcb5de7,"Clean Getaway Auto Wash",SMYRNA,TN,ChIJ9dDVSh0NZIgR7O5-gWnls3s,2
f1fbd56c-161f-4ccd-9125-82ee02b84531,"Clean Getaway Auto Wash",Pegram,TN,ChIJlShpboGPZIgRH_b4a8kJXp8,16
7058c17e-ebb0-406b-a82f-40555d819dbe,"Glide Xpress Car Wash",Collierville,TN,ChIJvUPvsoijf4gRPQzWCq5XCGA,919
eb19ed26-8e74-4072-a9fd-6b8f52e19d80,"Hometown Pride Car Care & Storage",Hillsboro,TX,ChIJCTQ3IlqoT4YRVR7pmRV0MeA,160
bc386a24-5c23-46a3-ba69-44e5fd242653,"Caliber Car Wash",Duncanville,TX,ChIJOxNEIJaPToYRMkNC_JQv68s,939
f107ce5d-ae14-4952-bd01-9a38d71037c8,"Rapid Laser Wash of San Angelo",San Angelo,TX,ChIJAVCYDoTlV4YRluLxvtUPMTI,7
f52bf3cb-2303-467f-a9f0-3878d2d585fb,"WhiteWater Express Car Wash",Humble,TX,ChIJ-y6assatQIYRSyZXz79hzoM,1808
4e1ca99d-3106-4186-8752-252f26470773,"One Rock Car Wash",Aledo,TX,ChIJa7J-HZwPToYRbQ4PMRZOKFg,42
39847a92-c5a1-4190-8d8a-a39d5fe8e397,"Car Wash @ Lookout",San Antonio,TX,ChIJj7xn9qWNXIYRohJuU0haOzs,23
40d84d47-44e2-4770-963a-45ffa0ad537d,"$2 Tag Laser Wash!",Temple,TX,ChIJjTURuIRsRYYR7y1CSB9kHq8,36
0de9c51f-906a-43bc-ba55-f6e20d2f83a1,"Circle K | Car Wash",League City,TX,ChIJiUN65pWDQIYRhbKRXRAjs2s,6
0de18153-569b-45eb-bf40-f42edfeb39bc,"Lampasas Car Wash LLC",Lampasas,TX,ChIJyQWye7uVWoYROD9swKecZS4,52
a65fb153-5abc-4869-ba80-5a9e59f8bc2d,"Hurricane Beach Car Wash",Amarillo,TX,ChIJv37EltRPAYcR329hAqXvrus,368
32692d54-8140-4de0-aa42-ef3d04c7adde,"Jurassic Car Wash - Marbach",San Antonio,TX,ChIJw49jAqtcXIYRhb8AoYHtjAU,309
3a6f68b4-0ddb-4799-b2cc-eab56fabc658,"LaserWash Car wash",San Marcos,TX,ChIJYwmS-YqoXIYR_RI3ebsh_B0,240
a7825323-9408-420f-9218-c334d3dea318,"Laserwash",Eastland,TX,ChIJY97zTjYVUYYRBkECA4xC_1U,58
47ac9ad7-2b6f-4633-add3-fd2a50a4157f,"Rapid Express Car Wash - Potranco",San Antonio,TX,ChIJE_BNyepDXIYR4uG7Pkp1Dts,460
97af459a-c6ac-4e47-b5ff-f5c3b7f1f7b9,"Touchless CarWash",Kenedy,TX,ChIJ-_Qu_whKXYYRkoXIKctfC9I,7
14afbad2-bcd5-4c08-ae42-9a0db0dff483,"J & M Touch Free Car Wash",Uvalde,TX,ChIJO9LgSuD6XoYR_X0MD96kaq8,14
c61549fd-caec-40e7-b5d3-9841b610d28c,"Purewash Express Car Wash",Austin,TX,ChIJIfYEMY8xW4YRrhHJY2QjEb4,132
87cdd211-e2de-4e2d-a9b0-b09a6ac54af6,"Gilbert's Car Wash",Victoria,TX,ChIJd3a84edmQoYREi5MvBjIUHs,95
ce28c2c9-637a-44da-a177-bf29f1902c82,"Woodlands Shell Auto Care Center",The Woodlands,TX,ChIJ_aPxthYxR4YRJ-8qqytqzAA,71
62b6f065-937e-4432-a518-48eda8b8828a,"Circle K | Car Wash",Round Rock,TX,ChIJTdbbTD3PRIYRcXLESCwVJ60,15
d96f61e3-89a0-40ad-a790-952078f41a3f,"Texas Pride Car Wash",Forney,TX,ChIJzfObAQCzToYRJ_diaeo-l60,373
8d7dd3d9-e628-41b2-810a-7392ae0537ce,"Clean Machine Car Wash",Salt Lake City,UT,ChIJX5Z8NHGMUocRHVLZ-Ku_4ek,82
81581d30-7dc6-42b7-a82a-8b45e7394227,"Chevron Car Wash",Salt Lake City,UT,ChIJq3PRYKNjUocRrtelPkMkijY,12
7c780553-fc3f-453d-84db-6637652e1d82,"Rocket Express Car Wash",Midvale,UT,ChIJ2VQ3hK6JUocRXQsKu0KlL0M,1913
7d856042-5096-40c3-942d-e187d5f88750,"Spot Free Car Wash",Cedar City,UT,ChIJ--lUWJhhtYARdNJNBz9DoBY,105
61110351-e62d-4183-aa41-e89fa530d84e,"Spot Free Car Wash South",Cedar City,UT,ChIJn6s2DMRhtYARwH3DDLhOFXc,141
d5d7f3c6-272d-4345-9bc7-891e809cef4c,"Cache Car Wash Express & Detail",Logan,UT,ChIJVz4kRTZ-VIcR5iooNLMRxzE,376
92fda21d-d196-4296-9e1b-94af1cc2751e,"Shiny Shell Carwash",West Valley City,UT,ChIJs-ajHLKNUocRkkO6bkNDqvw,921
c4775fda-3201-454a-9f0c-69851299d488,"Fast Track Car Wash",Layton,UT,ChIJfW4ETrYDU4cRNlNV4rlc9h4,100
09c1fa0a-2cef-4ddd-a728-8b049f99b69c,"Curt’s Car Wash",Ogden,UT,ChIJ1_b9BqQOU4cRldgr8W5E7D8,126
f416fd8c-a3b5-4c3e-a508-7c13b39b6dc3,"Soaps N Suds Laundromat & Car Wash",Norfolk,VA,ChIJmTchE0iYuokRoImLgZtFQo4,394
8fa96fe8-d484-4681-8111-a6ec2e3cbac2,"Hang 10 Car & Dog Wash",Harrisonburg,VA,ChIJ5UYvYkOTtIkRKHvWKNWciRY,638
87743e23-1b5a-4d0f-bfa8-8a34e0175164,"Soaps N Suds",Newport News,VA,ChIJoZAYKYN4sIkRTxrL60h5cD0,287
7e9f6096-f8ee-4a5d-8172-8157615d2105,"Green Clean Express Auto Wash",Virginia Beach,VA,ChIJJ6gH4UO_uokROtvsftXWhEI,135
6b2dd676-59f0-42cd-bcb0-599e4660e7bd,"Washbox, LLC",Powhatan,VA,ChIJsa338UPZs4kRWmJujPfy8VQ,9
f4f6c2ce-0218-43e4-a3d7-4cff10a79d55,"Soaps N Suds Car Wash",Hampton,VA,ChIJEcnWqXGFuokRUIUugq-Z5Cg,1
aa8d5139-fbb4-4a23-944b-45a01470440e,"Flagstop Car Wash",Zion Crossroads,VA,ChIJfWmB-iv1s4kRMnlWF6VR54U,671
d6b61ba5-4030-4fbe-ac11-da03cc29e3db,"Auto Spa West Point",West Point,VA,ChIJ8wdeyFqVsIkRLpeOHJ28roQ,83
97d1caba-6886-48a7-9c1a-7726235e441a,"Wash World",Richmond,VA,ChIJC0tRIxEVsYkRFRIxpkHr2pc,98
9779012b-bb79-4815-9a7e-0f4f7f6674c2,"White Horse Auto Wash",Alexandria,VA,ChIJF-j59N6xt4kRdUsnaX79Tpg,2166
f718ba0c-7109-4f33-a410-5491056f67e3,"Lyndon Laser Car Wash",Lyndonville,VT,ChIJVzAOUdU2tEwRTOvbNr04YAc,77
0e482179-fc42-4679-ad05-d880b3fae77b,"Bellis Fair Touch Free Car Wash",,WA,ChIJr9DaEsSjhVQRcS5KZ3JB3Dc,171
02e61bf3-2e4d-436e-b9ae-2333fbba2b18,"Sunrise Auto Spa Of Sedro-Woolley (Sunrise Car Wash)",Sedro-Woolley,WA,ChIJ-UryO7YShVQRfgUXj7Ws0eM,228
765c32a4-d0e3-4d32-abe7-478d7ad2ecb3,"Chevron, drive through car wash",Pullman,WA,ChIJaS2Z-BWHn1QRD52sp1OYSVM,18
68baaac1-39bd-4a5c-af03-88fb1f9239a3,"Car Wash Palace",Seattle,WA,ChIJictMRgVBkFQRjv-SY8kfoLU,340
6e5aa691-8829-4af2-9b6a-61644433d72e,"Adele's Express Auto Wash",Clarkston,WA,ChIJN54Po_3LoVQRHISepUiPQLo,18
ac93a97e-02dc-4964-abaa-23a4260f3e45,"Papa Bear's Car Wash",Bothell,WA,ChIJ99uylWsPkFQRmYVr_rqGcFQ,196
ce9b188b-c774-4cd2-8093-96d5578912b7,"AutoSpa Central Washington",Ellensburg,WA,ChIJadUI6dLzmVQRZDDI5ew9ATM,119
688ee2b0-37cb-446e-8752-9935409ada0e,"Bubba Sudz Car Wash",Anacortes,WA,ChIJ82Edfx96hVQR2pRI0UwEBsw,336
03c30935-b7a8-4f03-bfd2-fdfd9e053e85,"Super Wash Moxee",Moxee,WA,ChIJGVCMhKLVmVQRe8mZzJTTx3E,65
6a919581-9686-4118-ad69-9293572e6961,"Bear Wash",Pasco,WA,ChIJwYklJcl-mFQRr82nwbhpqhQ,74
0d55ecf7-adcf-4cd7-87e0-5bb5db7efb1f,"Nob Hill Car Wash",Yakima,WA,ChIJxz8pydV9l1QRF8jfyJAWrXc,186
1438b6a5-56e0-4981-91bf-28f988d2ea54,"The Wave Car Wash Marvin",Lacey,WA,ChIJ-eQe55ALkVQReqaVPBB0IIs,671
4ae083f4-7257-481f-a4b4-f925b039d2f4,"AutoSpa Central Washington",Wenatchee,WA,ChIJk_LtjQfLm1QRGWZujhP4BTA,270
94834c3e-b56d-4692-9a7d-881da68b014a,"Ultimate Express Car Wash",Waunakee,WI,ChIJ7ebtEZIAB4gRqMMf00Bs1bU,88
97a2e036-6ab6-4162-a1b6-dcde69e8290f,"Executive Car Wash",Eau Claire,WI,ChIJB27wuyij-IcRzZIbeoDBZ5g,136
1e1b5389-5aca-4083-8314-4ee452a6d416,"Car Wash Touchless",Brown Deer,WI,ChIJfyg6OVviBIgRq7WE7FCt6Jw,16
ab807718-43ca-4611-bf12-8aa8550b315c,"PDQ Car Wash - Appleton on Northland",Appleton,WI,ChIJNSIZBMW2A4gRd8JiB1_5IUM,601
38ba7a87-b7e6-441c-b6d5-ba52ba573f53,"Mighty Shine Express Car Wash - MacArthur",Beckley,WV,ChIJ9SD91UHzTogRJMi6pQb-BZQ,71
163bb248-beec-4dbf-a1b7-0965c70a43f6,"Chessie Car Wash",Charleston,WV,ChIJHxEVQ9cyT4gRREc7NcR1SJQ,228
2b98d97b-fd2f-4425-9f58-0bbe21c922c3,"5 Star Auto Wash",Fairmont,WV,ChIJZRCuCXd_SogRFuuAI_pt_7o,22
1dc83b1f-0c1a-4337-a644-ca22d2e0d728,"Tiny Bubbles Car Wash",Glen Daniel,WV,ChIJh-fw4eHxTogRgzGSDSzVFzs,30
8f61e93a-0c84-49be-b090-999e82b3f489,"Anytime Touchless Carwash",Parkersburg,WV,ChIJgUYyUVJLSIgR893c5TR4Kec,26
19bc6baa-4f89-4439-94d6-a4c52e4a9dcc,"Asmus Touchless/Self-serve Carwash",Torrington,WY,ChIJ3-GZC60OZYcRma4eAXXYtoI,26
c1f34984-ab76-4766-ba9e-d745ae840400,"Buggy Bath Brushless Automatic",Sheridan,WY,ChIJV2HOl9D6NVMRW3AyjPOa9M8,141
